/blog/categories/*  /blog/category/:splat   301

# Redirects from old page
/2020/02/hello_world.html /blog/post/hello-world 301
/2020/03/javascript_object_destructuring_for_better_functions.html /blog/post/javascript-object-destructuring-for-better-functions 301
/2020/04/dockerizing_wordpress.html /blog/post/dockerizing-wordpress 301
/2020/04/docker_swarm_spa_nginx_proxy.html /blog/post/docker-swarm-spa-nginx-proxy 301
/2020/05/traefik-basic-setup.html /blog/post/traefik-basic-setup 301
/2020/05/traefik-nodejs-api-and-db.html /blog/post/traefik-nodejs-api-and-db 301
/2020/05/traefik-nginx-proxy.html /blog/post/traefik-nginx-proxy 301
/2020/05/traefik-s3-proxy.html /blog/post/traefik-s3-proxy 301
/2020/11/mongodb-data-modelling-notes.html /blog/post/mongodb-data-modelling-notes 301
/2020/11/mongodb-aggregation-framework-notes.html /blog/post/mongodb-aggregation-framework-notes 301
/2020/11/traefik-ip-whitelist.html /blog/post/traefik-ip-whitelist 301
/2021/11/the_return.html /blog/post/the-return 301
/2021/11/i_am_not_afraid_to_not_know_things_anymore.html /blog/post/i-am-not-afraid-to-not-know-things-anymore 301
/2021/12/keeping-a-positive-outlook.html /blog/post/keeping-a-positive-outlook 301

# blogs
/blog/handling-stressful-situations-part-3-the-retrospective /blog/post/handling-stressful-situations-part-3-the-retrospective 301
/blog/handling-stressful-situations-part-2-maintaining-composure-and-performing-in-the-moment /blog/post/handling-stressful-situations-part-2-maintaining-composure-and-performing-in-the-moment 301
/blog/handling-stressful-situations-part-1-preparation /blog/post/handling-stressful-situations-part-1-preparation 301
/blog/adaptable-mindset /blog/post/adaptable-mindset 301
/blog/productivity-bit-workspace-alias /blog/post/productivity-bit-workspace-alias 301
/blog/how-i-handle-frontend-errors /blog/post/how-i-handle-frontend-errors 301
/blog/frontend-server-communication-structure /blog/post/frontend-server-communication-structure 301
/blog/chatgpt-learning-and-teaching /blog/post/chatgpt-learning-and-teaching 301
/blog/how-exercising-less-intensely-helped-me-become-healthier /blog/post/how-exercising-less-intensely-helped-me-become-healthier 301
/blog/2022-retrospective-2023-plans /blog/post/2022-retrospective-2023-plans 301
/blog/ts-namespaces /blog/post/ts-namespaces 301
/blog/good-comments /blog/post/good-comments 301
/blog/my-sitting-posture-journey /blog/post/my-sitting-posture-journey 301
/blog/productive-window-management /blog/post/productive-window-management 301
/blog/managing-ts-enums /blog/post/managing-ts-enums 301
/blog/programmer-stereotype /blog/post/programmer-stereotype 301
/blog/simplicity /blog/post/simplicity 301
/blog/making-reactjs-forms-simple-with-formik-custom-inputs /blog/post/making-reactjs-forms-simple-with-formik-custom-inputs 301
/blog/keeping-a-positive-outlook /blog/post/keeping-a-positive-outlook 301 
/blog/i-am-not-afraid-to-not-know-things-anymore /blog/post/i-am-not-afraid-to-not-know-things-anymore 301
/blog/the-return /blog/post/the-return 301
/blog/traefik-ip-whitelist /blog/post/traefik-ip-whitelist 301
/blog/mongodb-aggregation-framework-notes /blog/post/mongodb-aggregation-framework-notes 301
/blog/mongodb-data-modelling-notes /blog/post/mongodb-data-modelling-notes 301
/blog/traefik-basic-setup /blog/post/traefik-basic-setup 301
/blog/traefik-nginx-proxy /blog/post/traefik-nginx-proxy 301
/blog/traefik-nodejs-api-and-db /blog/post/traefik-nodejs-api-and-db 301
/blog/traefik-s3-proxy /blog/post/traefik-s3-proxy 301
/blog/docker-swarm-spa-nginx-proxy /blog/post/docker-swarm-spa-nginx-proxy 301
/blog/dockerizing-wordpress /blog/post/dockerizing-wordpress 301
/blog/javascript-object-destructuring-for-better-functions /blog/post/javascript-object-destructuring-for-better-functions 301
/blog/hello-world /blog/post/hello-world 301

# Redirect /about to /about-me
/about     /about-me    301

# Redirect all 404s to the home page (/)
/*        /    200
